{"cameraMode":{"drawMode":0,"name":"Shaded","section":"Shading Mode"},"sceneLighting":true,"audioPlay":false,"sceneViewState":{"showFog":false,"showMaterialUpdate":false,"showSkybox":true,"showFlares":false,"showImageEffects":false,"showParticleSystems":true},"in2DMode":false,"pivot":{"x":0.0,"y":0.46700000762939455,"z":0.17499995231628419},"rotation":{"x":-0.1324799805879593,"y":0.44399458169937136,"z":-0.06656292080879212,"w":-0.8836783170700073},"size":11.883081436157227,"orthographic":false}