{"cameraMode":{"drawMode":0,"name":"Shaded","section":"Shading Mode"},"sceneLighting":true,"audioPlay":false,"sceneViewState":{"showFog":false,"showMaterialUpdate":false,"showSkybox":true,"showFlares":false,"showImageEffects":false,"showParticleSystems":false},"in2DMode":false,"pivot":{"x":0.326954185962677,"y":0.7066707611083984,"z":0.1600513458251953},"rotation":{"x":-0.11201312392950058,"y":0.09880053997039795,"z":-0.01119315903633833,"w":-0.9887195229530335},"size":4.761634349822998,"orthographic":false}