{"cameraMode":{"drawMode":0,"name":"Shaded","section":"Shading Mode"},"sceneLighting":true,"audioPlay":false,"sceneViewState":{"showFog":false,"showMaterialUpdate":false,"showSkybox":true,"showFlares":false,"showImageEffects":false,"showParticleSystems":false},"in2DMode":false,"pivot":{"x":-0.06467771530151367,"y":2.975557327270508,"z":-0.5819027423858643},"rotation":{"x":-0.014333890751004219,"y":0.5222707390785217,"z":-0.008780112490057946,"w":-0.8526141047477722},"size":6.072431564331055,"orthographic":false}