{"cameraMode":{"drawMode":0,"name":"Shaded","section":"Shading Mode"},"sceneLighting":true,"audioPlay":false,"sceneViewState":{"showFog":false,"showMaterialUpdate":false,"showSkybox":true,"showFlares":false,"showImageEffects":false,"showParticleSystems":false},"in2DMode":false,"pivot":{"x":1.8092854022979737,"y":0.12404453754425049,"z":2.1138083934783937},"rotation":{"x":-0.049127861857414249,"y":0.6695548892021179,"z":-0.04446312412619591,"w":-0.7398012280464172},"size":1.91074538230896,"orthographic":false}