{"cameraMode":{"drawMode":0,"name":"Shaded","section":"Shading Mode"},"sceneLighting":true,"audioPlay":false,"sceneViewState":{"showFog":false,"showMaterialUpdate":false,"showSkybox":true,"showFlares":false,"showImageEffects":false,"showParticleSystems":false},"in2DMode":false,"pivot":{"x":118.23670196533203,"y":36.598533630371097,"z":86.81126403808594},"rotation":{"x":0.07550092786550522,"y":0.9141489863395691,"z":-0.20058545470237733,"w":0.34408828616142275},"size":22.0,"orthographic":false}