{"cameraMode":{"drawMode":0,"name":"Shaded","section":"Shading Mode"},"sceneLighting":true,"audioPlay":false,"sceneViewState":{"showFog":false,"showMaterialUpdate":false,"showSkybox":true,"showFlares":false,"showImageEffects":false,"showParticleSystems":false},"in2DMode":false,"pivot":{"x":1.0763767957687379,"y":1.4880869388580323,"z":1.630086898803711},"rotation":{"x":-0.10063911229372025,"y":-0.002391241956502199,"z":0.000241850022575818,"w":-0.9949201345443726},"size":8.233868598937989,"orthographic":false}