{"cameraMode":{"drawMode":0,"name":"Shaded","section":"Shading Mode"},"sceneLighting":true,"audioPlay":false,"sceneViewState":{"showFog":false,"showMaterialUpdate":false,"showSkybox":true,"showFlares":false,"showImageEffects":false,"showParticleSystems":false},"in2DMode":false,"pivot":{"x":35.43728256225586,"y":4.5237274169921879,"z":35.38616943359375},"rotation":{"x":0.07715295255184174,"y":0.06575477123260498,"z":-0.0050995126366615299,"w":0.9948355555534363},"size":252.88113403320313,"orthographic":false}